AFN,88.312,Afghanistan,Afgistan Afghani
ALL,114.51,Albania,Albania Lek(e)
USD,1,American Samoa,US Dollar
EUR,972,Andorra,Euro
AOA,482.99,Angola,Angolan Kwanza
XCD,2.7,Anguilla,E.C. Dollar
XCD,2.7,Antigua and Barbuda,E.C. Dollar
ARS,160.724,Argentina,Argentine Peso
AMD,392,Armenia,Armenian Dram
AWG,1.79,Aruba,Aruban Guilder
AUD,1.497,Australia,Australian Dollar
EUR,972,Austria,Euro
AZN,1.693,Azerbaijan,Azerbaijan Manat
BSD,1,Bahamas,Bahamian Dollar
BHD,377,Bahrain,Bahraini Dinar
BDT,100,Bangladesh,Bangladesh Taka
BBD,2,Barbados,Barbados Dollar
BYN,2.464,Belarus,Belarusian Ruble
EUR,972,Belgium,Euro
BZD,2,Belize,Belize Dollar
XOF,637.656,Benin,CFA Franc
BMD,1,Bermuda,Bermuda Dollar
BTN,80.8,Bhutan,Bhutan Ngultrum
BOB,6.853,Bolivia,Bolivia Boliviano
BAM,1.901,Bosnia and Herzegovina,Bosnia and Herzegovina Convertible Mark
BWP,12.903,Botswana,Botswana Pula
BRL,5.301,Brazil,Brazilian Real
BND,1.376,Brunei,Brunei Dollar
BGN,1.901,Bulgaria,Bulgarian Lev
XOF,637.656,Burkina Faso,CFA Franc
BIF,2.037.885,Burundi,Burundi Franc
KHR,4130,Cambodia,Cambodian Riel
XAF,637.656,Cameroon,CFA Franc
CAD,1.328,Canada,Canadian Dollar
EUR,972,Canary Islands,Euro
CVE,107.189,Cape Verde,Cape Verde Escudo
KYD,0.82,Cayman Islands,Cayman Is. Dollar
XAF,637.656,Central African Republic,CFA Franc
XAF,637.656,Chad,CFA Franc
CLP,891,Chile,Chilean Peso
CNY,7.1,China,Chinese Renminbi
COP,4794,Colombia,Colombian Peso
KMF,478.242,Comoros,Comoros Franc
XAF,637.656,Congo,CFA Franc
CDF,1.999.035,"Congo, Dem. Rep.","Congo Franc, Dem. Rep.of"
NZD,1.644,Cook Islands,New Zealand Dollar
CRC,609.18,Costa Rica,Costa Rica Colon
XOF,637.656,Cote d'Ivoire,CFA Franc
HRK,7.331,Croatia,Croatia Kuna
CUP,24,Cuba,Cuban Peso
EUR,972,Cyprus,Euro
CZK,23.6,Czech Republic,Czech Koruna
DKK,7.23,Denmark,Danish Krone
DJF,177,Djibouti,Djibouti Francs
XCD,2.7,Dominica,E.C. Dollar
DOP,53.943,Dominican Republic,Dominican Peso
USD,1,East Timor,US Dollar
USD,1,Ecuador,US Dollar
EGP,24.348,Egypt,Egyptian Pound
USD,1,El Salvador,US Dollar
XAF,637.656,Equatorial Guinea,CFA Franc
ERN,15,Eritrea,Eritrea Nakfa
EUR,972,Estonia,Euro
SZL,17.285,"Eswatini, Kingdom of",Lilangeni
ETB,52.917,Ethiopia,Ethiopian Birr
FJD,2.3,Fiji,Fiji Dollar
EUR,972,Finland,Euro
EUR,972,France,Euro
EUR,972,French Guiana,Euro
XPF,116.003,French Polynesia,CFP Franc
XAF,637.656,Gabon,CFA Franc
GMD,58.97,Gambia,Gambian Dalasi
GEL,2.734,Georgia,Georgian Lari
EUR,972,Germany,Euro
GHS,13.913,Ghana,Ghana Cedi
GIP,852,Gibraltar,Gibraltar Pound
EUR,972,Greece,Euro
DKK,7.23,Greenland,Danish Krone
XCD,2.7,Grenada,E.C. Dollar
EUR,972,Guadeloupe,Euro
USD,1,Guam,US Dollar
GTQ,7.797,Guatemala,Guatemala Quetzal(es)
GNF,8536.86,Guinea,Guinean Franc
XOF,637.656,Guinea-Bissau,CFA Franc
GYD,209.1,Guyana,Guyana Dollar
HTG,129.084,Haiti,Haiti Gourde
HNL,24.522,Honduras,Honduras Lempira
HKD,7.837,Hong Kong,HongKong Dollar
HUF,392.47,Hungary,Hungary Forint
ISK,144.65,Iceland,Iceland Krona
INR,80.8,India,Indian Rupee
IDR,15490,Indonesia,Indonesia Rupiah
IRR,274313,Iran,Iranian Rial
IQD,1450,Iraq,Iraqi Dinar
EUR,972,Ireland,Euro
ILS,3.418,Israel,Israel Shekel
EUR,972,Italy,Euro
JMD,152.676,Jamaica,Jamaican Dollar
JPY,139.27,Japan,Japanese Yen
JOD,708,Jordan,Jordanian Dinar
KZT,460.45,Kazakhstan,Kazakhstan Tenge
KES,121.68,Kenya,Kenyan Shilling
AUD,1.497,Kiribati,Australian Dollar
KPW,110,"Korea, D.P.R. of","Korean Won, North Korea"
KRW,1318.57,"Korea, Republic of","Korean Won, South Korea"
KWD,307,Kuwait,Kuwaiti Dinar
KGS,83,Kyrgyzstan,Kyrgyzstan Som
LAK,17367,"Lao, People's Dem. Rep.",Laos Kip
EUR,972,Latvia,Euro
LBP,30300,Lebanon,Lebanese Pound
LSL,17.285,Lesotho,Lesotho Loti
LRD,152.901,Liberia,Liberian Dollar
LYD,4.974,Libyan Arab Jamahiriya,Libyan Dinar
CHF,0.95,Liechtenstein,Swiss Franc
EUR,972,Lithuania,Euro
EUR,972,Luxembourg,Euro
MOP,8.072,Macao,Macao Pataca
MGA,4271.55,Madagascar,"Malagasy Ariary, Madagascar"
MWK,1.036.941,Malawi,Malawi Kwacha
MYR,4.62,Malaysia,Malaysia Ringgit
MVR,15,Maldives,Maldives Rufiyaa
XOF,637.656,Mali,CFA Franc
EUR,972,Malta,Euro
USD,1,Marshall Islands,US Dollar
EUR,972,Martinique,Euro
MRU,37.79,Mauritania,Mauritania Ouguiya
MUR,43.641,Mauritius,Mauritius Rupee
MXN,19.54,Mexico,Mexican Peso
USD,1,Micronesia,US Dollar
MDL,19.136,"Moldova, Republic of",Moldovan Leu
EUR,972,Monaco,Euro
MNT,3395.03,Mongolia,Mongolia Tugrik
EUR,972,Montenegro,Euro
XCD,2.7,Montserrat,E.C. Dollar
MAD,10.736,Morocco,Morocco Dirham
MZN,63.25,Mozambique,Mozambique Metical
MMK,2100,Myanmar,Myanmar Kyat
NAD,17.285,Namibia,Namibia Dollar
AUD,1.497,Nauru,Australian Dollar
NPR,129.274,Nepal,Nepalese Rupee
EUR,972,Netherlands,Euro
ANG,1.79,Netherlands Antilles,Netherlands Antilles Guilder
XPF,116.003,New Caledonia,CFP Franc
NZD,1.644,New Zealand,New Zealand Dollar
NIO,35.868,Nicaragua,Nicaragua Cordoba Oro
XOF,637.656,Niger,CFA Franc
NGN,442.98,Nigeria,Nigeria Naira
NZD,1.644,Niue,New Zealand Dollar
MKD,59.478,"North Macedonia, Rep. of",Denar
USD,1,Northern Mariana Islands,US Dollar
NOK,9.948,Norway,Norwegian Krone
OMR,385,Oman,Oman Rial
PKR,221.25,Pakistan,Pakistani Rupee
USD,1,"Palau, Republic of",US Dollar
PAB,1,Panama,Panama Balboa
PGK,3.521,Papua New Guinea,Kina
PYG,7017,Paraguay,Paraguay Guarani
PEN,3.855,Peru,Sol
PHP,57.243,Philippines,Philippine Peso
PLN,4.549,Poland,Poland Zloty
EUR,972,Portugal,Euro
USD,1,Puerto Rico,US Dollar
QAR,3.669,Qatar,Qatari Rial
EUR,972,Reunion,Euro
RON,4.753,Romania,Romanian Leu
RUB,60.601,Russian Federation,Russian Rouble
RWF,1.051.319,Rwanda,Rwanda Franc
SHP,852,Saint Helena,St.Helena Pound
XCD,2.7,Saint Kitts and Nevis,E.C. Dollar
XCD,2.7,Saint Lucia,E.C. Dollar
WST,2.746,Samoa,Samoa Tala
EUR,972,San Marino,Euro
STN,24.819,Sao Tome and Principe,Sao Tome Principe Dobra
SAR,3.759,Saudi Arabia,Saudi Riyal
XOF,637.656,Senegal,CFA Franc
RSD,113.87,Serbia,Serbian Dinar
SCR,13.189,Seychelles,Seychelles Rupee
SLE,17.58,Sierra Leone,Sierra Leone Leone
SGD,1.376,Singapore,Singapore Dollar
EUR,972,Slovakia,Euro
EUR,972,Slovenia,Euro
SBD,8.097,Solomon Islands,Solomon Is. Dollar
SOS,24300,Somalia,Somali Shilling
ZAR,17.285,South Africa,South Africa Rand
SSP,619.782,South Sudan,South Sudanese Pound
EUR,972,Spain,Euro
LKR,362.94,Sri Lanka,Sri Lanka Rupee
XCD,2.7,St. Vincent and the Grena,E.C. Dollar
SDG,578.5,Sudan,Sudanese Pound
SRD,30.214,Suriname,Surinamese Dollar
SEK,10.398,Sweden,Swedish Krona
CHF,0.95,Switzerland,Swiss Franc
SYP,3000,Syrian Arab Republic,Syrian Pound
TJS,10.269,Tajikistan,Tajikistan Somoni
TZS,2323,"Tanzania, United Rep. of",Tanzania Shilling
THB,35.97,Thailand,Thai Baht
XOF,637.656,Togo,CFA Franc
NZD,1.644,Tokelau Islands,New Zealand Dollar
TOP,2.346,Tonga,Tonga Pa'anga
TTD,6.752,Trinidad and Tobago,Trinidad and Tobago Dollar
TND,3.183,Tunisia,Tunisian Dinar
TRY,18.538,Turkey,Turkish Lira
TMT,3.5,Turkmenistan,Turkmenistan Manat
USD,1,Turks and Caicos Island,US Dollar
AUD,1.497,Tuvalu,Australian Dollar
UGX,3757.46,Uganda,Uganda Shilling
UAH,37,Ukraine,Ukraine Hryvnia
AED,3.673,United Arab Emirates,United Arab Emirates Dirham
GBP,852,United Kingdom,U.K. Pound
USD,1,United States of America,US Dollar
UYU,39.89,Uruguay,Uruguay Peso
UZS,11145,Uzbekistan,Uzbekistan Sum
VUV,118.24,Vanuatu,Vanuatu Vatu
VES,8.829,Venezuela,Bolivar Digital
VND,24815,Viet Nam,Viet Nam Dong
USD,1,Virgin Islands (UK),US Dollar
USD,1,Virgin Islands (USA),US Dollar
XPF,116.003,Wallis and Futuna Islands,CFP Franc
YER,542.23,"Yemen, Republic of",Yemeni Rial
ZMW,16.38,Zambia,Zambia Kwacha
ZWL,620.464,Zimbabwe,Zimbabwe RTGS dollar